<?xml version="1.0" encoding="UTF-8" standalone="yes"?>
<c:contactDataSet xmlns:m="http://lca.jrc.it/ILCD/LCIAMethod" xmlns:common="http://lca.jrc.it/ILCD/Common" xmlns:s="http://lca.jrc.it/ILCD/Source" xmlns:c="http://lca.jrc.it/ILCD/Contact" xmlns:f="http://lca.jrc.it/ILCD/Flow" xmlns="http://lca.jrc.it/ILCD/Process" xmlns:fp="http://lca.jrc.it/ILCD/FlowProperty" xmlns:u="http://lca.jrc.it/ILCD/UnitGroup" version="1.1">
    <c:contactInformation>
        <c:dataSetInformation>
            <common:UUID>7cde93bd-3dba-44ca-a5da-b510d0f780d3</common:UUID>
            <common:name xml:lang="en">Christian Kind</common:name>
            <c:classificationInformation>
                <common:classification name="ILCD">
                    <common:class level="0" classId="4">Persons</common:class>
                </common:classification>
                <common:classification name="ILCD">
                    <common:class level="0" classId="4">Persons</common:class>
                </common:classification>
            </c:classificationInformation>
        </c:dataSetInformation>
    </c:contactInformation>
    <c:administrativeInformation>
        <c:dataEntryBy>
            <common:timeStamp>2020-09-24T10:48:44.190+02:00</common:timeStamp>
        </c:dataEntryBy>
        <c:publicationAndOwnership>
            <common:dataSetVersion>00.00.002</common:dataSetVersion>
        </c:publicationAndOwnership>
    </c:administrativeInformation>
</c:contactDataSet>
