<?xml version="1.0" encoding="UTF-8"?>
<indicators xmlns:common="http://lca.jrc.it/ILCD/Common">
    <LCIIndicators>
        <LCIIndicator>
            <referenceToFlowDataSet type="flow data set" refObjectId="20f32be5-0398-4288-9b6d-accddd195317" uri="../flows/20f32be5-0398-4288-9b6d-accddd195317.xml">
                <common:shortDescription xml:lang="de">Erneuerbare Primärenergie als Energieträger (PERE)</common:shortDescription>
                <common:shortDescription xml:lang="en">Use of renewable primary energy (PERE)</common:shortDescription>
                <common:shortDescription xml:lang="es">Uso de energía primaria renovable excluyendo los recursos de energía primaria renovable utilizada como materia prima (PERE)</common:shortDescription>
            </referenceToFlowDataSet>
            <referenceToUnitGroupDataSet type="unit group data set" refObjectId="93a60a57-a3c8-11da-a746-0800200c9a66" uri="../unitgroups/93a60a57-a3c8-11da-a746-0800200c9a66.xml">
                <common:shortDescription xml:lang="de">MJ</common:shortDescription>
                <common:shortDescription xml:lang="en">MJ</common:shortDescription>
            </referenceToUnitGroupDataSet>
        </LCIIndicator>
        <LCIIndicator>
            <referenceToFlowDataSet type="flow data set" refObjectId="fb3ec0de-548d-4508-aea5-00b73bf6f702" uri="../flows/fb3ec0de-548d-4508-aea5-00b73bf6f702.xml">
                <common:shortDescription xml:lang="de">Erneuerbare Primärenergie zur stofflichen Nutzung (PERM)</common:shortDescription>
                <common:shortDescription xml:lang="en">Use of renewable primary energy resources used as raw materials (PERM)</common:shortDescription>
                <common:shortDescription xml:lang="es">Uso de energía primaria renovable utilizada como materia prima (PERM)</common:shortDescription>
            </referenceToFlowDataSet>
            <referenceToUnitGroupDataSet type="unit group data set" refObjectId="93a60a57-a3c8-11da-a746-0800200c9a66" uri="../unitgroups/93a60a57-a3c8-11da-a746-0800200c9a66.xml">
                <common:shortDescription xml:lang="de">MJ</common:shortDescription>
                <common:shortDescription xml:lang="en">MJ</common:shortDescription>
            </referenceToUnitGroupDataSet>
        </LCIIndicator>
        <LCIIndicator>
            <referenceToFlowDataSet type="flow data set" refObjectId="53f97275-fa8a-4cdd-9024-65936002acd0" uri="../flows/53f97275-fa8a-4cdd-9024-65936002acd0.xml">
                <common:shortDescription xml:lang="de">Total erneuerbare Primärenergie (PERT)</common:shortDescription>
                <common:shortDescription xml:lang="en">Total use of renewable primary energy resources (PERT)</common:shortDescription>
                <common:shortDescription xml:lang="es">Uso total de la energía primaria renovable (energía primaria y recursos de energía primaria renovable utilizada como materia prima) (PERT)</common:shortDescription>
            </referenceToFlowDataSet>
            <referenceToUnitGroupDataSet type="unit group data set" refObjectId="93a60a57-a3c8-11da-a746-0800200c9a66" uri="../unitgroups/93a60a57-a3c8-11da-a746-0800200c9a66.xml">
                <common:shortDescription xml:lang="de">MJ</common:shortDescription>
                <common:shortDescription xml:lang="en">MJ</common:shortDescription>
            </referenceToUnitGroupDataSet>
        </LCIIndicator>
        <LCIIndicator>
            <referenceToFlowDataSet type="flow data set" refObjectId="ac857178-2b45-46ec-892a-a9a4332f0372" uri="../flows/ac857178-2b45-46ec-892a-a9a4332f0372.xml">
                <common:shortDescription xml:lang="de">Nicht-erneuerbare Primärenergie als Energieträger (PENRE)</common:shortDescription>
                <common:shortDescription xml:lang="en">Use of non renewable primary energy (PENRE)</common:shortDescription>
                <common:shortDescription xml:lang="es">Uso de energía primaria no renovable, excluyendo los recursos de energía primaria no renovable utilizada como materia prima (PENRE)</common:shortDescription>
            </referenceToFlowDataSet>
            <referenceToUnitGroupDataSet type="unit group data set" refObjectId="93a60a57-a3c8-11da-a746-0800200c9a66" uri="../unitgroups/93a60a57-a3c8-11da-a746-0800200c9a66.xml">
                <common:shortDescription xml:lang="de">MJ</common:shortDescription>
                <common:shortDescription xml:lang="en">MJ</common:shortDescription>
            </referenceToUnitGroupDataSet>
        </LCIIndicator>
        <LCIIndicator>
            <referenceToFlowDataSet type="flow data set" refObjectId="1421caa0-679d-4bf4-b282-0eb850ccae27" uri="../flows/1421caa0-679d-4bf4-b282-0eb850ccae27.xml">
                <common:shortDescription xml:lang="de">Nicht-erneuerbare Primärenergie zur stofflichen Nutzung (PENRM)</common:shortDescription>
                <common:shortDescription xml:lang="en">Use of non renewable primary energy resources used as raw materials (PENRM)</common:shortDescription>
                <common:shortDescription xml:lang="es">Uso de la energía primaria no renovable utilizada como materia prima (PENRM)</common:shortDescription>
            </referenceToFlowDataSet>
            <referenceToUnitGroupDataSet type="unit group data set" refObjectId="93a60a57-a3c8-11da-a746-0800200c9a66" uri="../unitgroups/93a60a57-a3c8-11da-a746-0800200c9a66.xml">
                <common:shortDescription xml:lang="de">MJ</common:shortDescription>
                <common:shortDescription xml:lang="en">MJ</common:shortDescription>
            </referenceToUnitGroupDataSet>
        </LCIIndicator>
        <LCIIndicator>
            <referenceToFlowDataSet type="flow data set" refObjectId="06159210-646b-4c8d-8583-da9b3b95a6c1" uri="../flows/06159210-646b-4c8d-8583-da9b3b95a6c1.xml">
                <common:shortDescription xml:lang="de">Total nicht erneuerbare Primärenergie (PENRT)</common:shortDescription>
                <common:shortDescription xml:lang="en">Total use of non renewable primary energy resource (PENRT)</common:shortDescription>
                <common:shortDescription xml:lang="es">Uso total de la energía primaria no renovable (energía primaria y recursos de energía primaria renovable utilizada como materia prima) (PENRT)</common:shortDescription>
            </referenceToFlowDataSet>
            <referenceToUnitGroupDataSet type="unit group data set" refObjectId="93a60a57-a3c8-11da-a746-0800200c9a66" uri="../unitgroups/93a60a57-a3c8-11da-a746-0800200c9a66.xml">
                <common:shortDescription xml:lang="de">MJ</common:shortDescription>
                <common:shortDescription xml:lang="en">MJ</common:shortDescription>
            </referenceToUnitGroupDataSet>
        </LCIIndicator>
        <LCIIndicator>
            <referenceToFlowDataSet type="flow data set" refObjectId="c6a1f35f-2d09-4f54-8dfb-97e502e1ce92" uri="../flows/c6a1f35f-2d09-4f54-8dfb-97e502e1ce92.xml">
                <common:shortDescription xml:lang="de">Einsatz von Sekundärstoffen (SM)</common:shortDescription>
                <common:shortDescription xml:lang="en">Use of secondary material (SM)</common:shortDescription>
                <common:shortDescription xml:lang="es">Uso de materiales secundarios (SM)</common:shortDescription>
            </referenceToFlowDataSet>
            <referenceToUnitGroupDataSet type="unit group data set" refObjectId="ad38d542-3fe9-439d-9b95-2f5f7752acaf" uri="../unitgroups/ad38d542-3fe9-439d-9b95-2f5f7752acaf.xml">
                <common:shortDescription xml:lang="de">kg</common:shortDescription>
                <common:shortDescription xml:lang="en">kg</common:shortDescription>
            </referenceToUnitGroupDataSet>
        </LCIIndicator>
        <LCIIndicator>
            <referenceToFlowDataSet type="flow data set" refObjectId="64333088-a55f-4aa2-9a31-c10b07816787" uri="../flows/64333088-a55f-4aa2-9a31-c10b07816787.xml">
                <common:shortDescription xml:lang="de">Erneuerbare Sekundärbrennstoffe (RSF)</common:shortDescription>
                <common:shortDescription xml:lang="en">Use of renewable secondary fuels (RSF)</common:shortDescription>
                <common:shortDescription xml:lang="es">Uso de combustibles secundarios renovables (RSF)</common:shortDescription>
            </referenceToFlowDataSet>
            <referenceToUnitGroupDataSet type="unit group data set" refObjectId="93a60a57-a3c8-11da-a746-0800200c9a66" uri="../unitgroups/93a60a57-a3c8-11da-a746-0800200c9a66.xml">
                <common:shortDescription xml:lang="de">MJ</common:shortDescription>
                <common:shortDescription xml:lang="en">MJ</common:shortDescription>
            </referenceToUnitGroupDataSet>
        </LCIIndicator>
        <LCIIndicator>
            <referenceToFlowDataSet type="flow data set" refObjectId="89def144-d39a-4287-b86f-efde453ddcb2" uri="../flows/89def144-d39a-4287-b86f-efde453ddcb2.xml">
                <common:shortDescription xml:lang="de">Nicht erneuerbare Sekundärbrennstoffe (NRSF)</common:shortDescription>
                <common:shortDescription xml:lang="en">Use of non renewable secondary fuels (NRSF)</common:shortDescription>
                <common:shortDescription xml:lang="es">Uso de combustibles secundarios no renovables (NRSF)</common:shortDescription>
            </referenceToFlowDataSet>
            <referenceToUnitGroupDataSet type="unit group data set" refObjectId="93a60a57-a3c8-11da-a746-0800200c9a66" uri="../unitgroups/93a60a57-a3c8-11da-a746-0800200c9a66.xml">
                <common:shortDescription xml:lang="de">MJ</common:shortDescription>
                <common:shortDescription xml:lang="en">MJ</common:shortDescription>
            </referenceToUnitGroupDataSet>
        </LCIIndicator>
        <LCIIndicator>
            <referenceToFlowDataSet type="flow data set" refObjectId="3cf952c8-f3a4-461d-8c96-96456ca62246" uri="../flows/3cf952c8-f3a4-461d-8c96-96456ca62246.xml">
                <common:shortDescription xml:lang="de">Einsatz von Süßwasserressourcen (FW)</common:shortDescription>
                <common:shortDescription xml:lang="en">Use of net fresh water (FW)</common:shortDescription>
                <common:shortDescription xml:lang="es">Uso neto de recursos de agua dulce (FW)</common:shortDescription>
            </referenceToFlowDataSet>
            <referenceToUnitGroupDataSet type="unit group data set" refObjectId="cd950537-0a98-4044-9ba7-9f9a68d0a504" uri="../unitgroups/cd950537-0a98-4044-9ba7-9f9a68d0a504.xml">
                <common:shortDescription xml:lang="de">m3</common:shortDescription>
                <common:shortDescription xml:lang="en">m3</common:shortDescription>
            </referenceToUnitGroupDataSet>
        </LCIIndicator>
        <LCIIndicator>
            <referenceToFlowDataSet type="flow data set" refObjectId="430f9e0f-59b2-46a0-8e0d-55e0e84948fc" uri="../flows/430f9e0f-59b2-46a0-8e0d-55e0e84948fc.xml">
                <common:shortDescription xml:lang="de">Gefährlicher Abfall zur Deponie (HWD)</common:shortDescription>
                <common:shortDescription xml:lang="en">Hazardous waste disposed (HWD)</common:shortDescription>
                <common:shortDescription xml:lang="es">Residuos peligrosos eliminados (HWD)</common:shortDescription>
            </referenceToFlowDataSet>
            <referenceToUnitGroupDataSet type="unit group data set" refObjectId="ad38d542-3fe9-439d-9b95-2f5f7752acaf" uri="../unitgroups/ad38d542-3fe9-439d-9b95-2f5f7752acaf.xml">
                <common:shortDescription xml:lang="de">kg</common:shortDescription>
                <common:shortDescription xml:lang="en">kg</common:shortDescription>
            </referenceToUnitGroupDataSet>
        </LCIIndicator>
        <LCIIndicator>
            <referenceToFlowDataSet type="flow data set" refObjectId="b29ef66b-e286-4afa-949f-62f1a7b4d7fa" uri="../flows/b29ef66b-e286-4afa-949f-62f1a7b4d7fa.xml">
                <common:shortDescription xml:lang="de">Entsorgter nicht gefährlicher Abfall (NHWD)</common:shortDescription>
                <common:shortDescription xml:lang="en">Non hazardous waste dispose (NHWD)</common:shortDescription>
                <common:shortDescription xml:lang="es">Residuos no peligrosos eliminados (NHWD)</common:shortDescription>
            </referenceToFlowDataSet>
            <referenceToUnitGroupDataSet type="unit group data set" refObjectId="ad38d542-3fe9-439d-9b95-2f5f7752acaf" uri="../unitgroups/ad38d542-3fe9-439d-9b95-2f5f7752acaf.xml">
                <common:shortDescription xml:lang="de">kg</common:shortDescription>
                <common:shortDescription xml:lang="en">kg</common:shortDescription>
            </referenceToUnitGroupDataSet>
        </LCIIndicator>
        <LCIIndicator>
            <referenceToFlowDataSet type="flow data set" refObjectId="3449546e-52ad-4b39-b809-9fb77cea8ff6" uri="../flows/3449546e-52ad-4b39-b809-9fb77cea8ff6.xml">
                <common:shortDescription xml:lang="de">Entsorgter radioaktiver Abfall (RWD)</common:shortDescription>
                <common:shortDescription xml:lang="en">Radioactive waste disposed (RWD)</common:shortDescription>
                <common:shortDescription xml:lang="es">Residuos radiactivos eliminados (RWD)</common:shortDescription>
            </referenceToFlowDataSet>
            <referenceToUnitGroupDataSet type="unit group data set" refObjectId="ad38d542-3fe9-439d-9b95-2f5f7752acaf" uri="../unitgroups/ad38d542-3fe9-439d-9b95-2f5f7752acaf.xml">
                <common:shortDescription xml:lang="de">kg</common:shortDescription>
                <common:shortDescription xml:lang="en">kg</common:shortDescription>
            </referenceToUnitGroupDataSet>
        </LCIIndicator>
        <LCIIndicator>
            <referenceToFlowDataSet type="flow data set" refObjectId="a2b32f97-3fc7-4af2-b209-525bc6426f33" uri="../flows/a2b32f97-3fc7-4af2-b209-525bc6426f33.xml">
                <common:shortDescription xml:lang="de">Komponenten für die Wiederverwendung (CRU)</common:shortDescription>
                <common:shortDescription xml:lang="en">Components for re-use (CRU)</common:shortDescription>
                <common:shortDescription xml:lang="es">Componentes para su reutilización (CRU)</common:shortDescription>
            </referenceToFlowDataSet>
            <referenceToUnitGroupDataSet type="unit group data set" refObjectId="ad38d542-3fe9-439d-9b95-2f5f7752acaf" uri="../unitgroups/ad38d542-3fe9-439d-9b95-2f5f7752acaf.xml">
                <common:shortDescription xml:lang="de">kg</common:shortDescription>
                <common:shortDescription xml:lang="en">kg</common:shortDescription>
            </referenceToUnitGroupDataSet>
        </LCIIndicator>
        <LCIIndicator>
            <referenceToFlowDataSet type="flow data set" refObjectId="d7fe48a5-4103-49c8-9aae-b0b5dfdbd6ae" uri="../flows/d7fe48a5-4103-49c8-9aae-b0b5dfdbd6ae.xml">
                <common:shortDescription xml:lang="de">Stoffe zum Recycling (MFR)</common:shortDescription>
                <common:shortDescription xml:lang="en">Materials for recycling (MFR)</common:shortDescription>
                <common:shortDescription xml:lang="es">Materiales para el reciclaje (MFR)</common:shortDescription>
            </referenceToFlowDataSet>
            <referenceToUnitGroupDataSet type="unit group data set" refObjectId="ad38d542-3fe9-439d-9b95-2f5f7752acaf" uri="../unitgroups/ad38d542-3fe9-439d-9b95-2f5f7752acaf.xml">
                <common:shortDescription xml:lang="de">kg</common:shortDescription>
                <common:shortDescription xml:lang="en">kg</common:shortDescription>
            </referenceToUnitGroupDataSet>
        </LCIIndicator>
        <LCIIndicator>
            <referenceToFlowDataSet type="flow data set" refObjectId="59a9181c-3aaf-46ee-8b13-2b3723b6e447" uri="../flows/59a9181c-3aaf-46ee-8b13-2b3723b6e447.xml">
                <common:shortDescription xml:lang="de">Stoffe für die Energierückgewinnung (MER)</common:shortDescription>
                <common:shortDescription xml:lang="en">Materials for energy recovery (MER)</common:shortDescription>
                <common:shortDescription xml:lang="es">Materiales para valorización energética (recuperación de energía) (MER)</common:shortDescription>
            </referenceToFlowDataSet>
            <referenceToUnitGroupDataSet type="unit group data set" refObjectId="ad38d542-3fe9-439d-9b95-2f5f7752acaf" uri="../unitgroups/ad38d542-3fe9-439d-9b95-2f5f7752acaf.xml">
                <common:shortDescription xml:lang="de">kg</common:shortDescription>
                <common:shortDescription xml:lang="en">kg</common:shortDescription>
            </referenceToUnitGroupDataSet>
        </LCIIndicator>
        <LCIIndicator>
            <referenceToFlowDataSet type="flow data set" refObjectId="4da0c987-2b76-40d6-9e9e-82a017aaaf29" uri="../flows/4da0c987-2b76-40d6-9e9e-82a017aaaf29.xml">
                <common:shortDescription xml:lang="de">Exportierte elektrische Energie (EEE)</common:shortDescription>
                <common:shortDescription xml:lang="en">Exported electrical energy (EEE)</common:shortDescription>
                <common:shortDescription xml:lang="es">Energía exportada electrica (EEE)</common:shortDescription>
            </referenceToFlowDataSet>
            <referenceToUnitGroupDataSet type="unit group data set" refObjectId="93a60a57-a3c8-11da-a746-0800200c9a66" uri="../unitgroups/93a60a57-a3c8-11da-a746-0800200c9a66.xml">
                <common:shortDescription xml:lang="de">MJ</common:shortDescription>
                <common:shortDescription xml:lang="en">MJ</common:shortDescription>
            </referenceToUnitGroupDataSet>
        </LCIIndicator>
        <LCIIndicator>
            <referenceToFlowDataSet type="flow data set" refObjectId="98daf38a-7a79-46d3-9a37-2b7bd0955810" uri="../flows/98daf38a-7a79-46d3-9a37-2b7bd0955810.xml">
                <common:shortDescription xml:lang="de">Exportierte thermische Energie (EET)</common:shortDescription>
                <common:shortDescription xml:lang="en">Exported thermal energy (EET)</common:shortDescription>
                <common:shortDescription xml:lang="es">Energía exportada termal (EET)</common:shortDescription>
            </referenceToFlowDataSet>
            <referenceToUnitGroupDataSet type="unit group data set" refObjectId="93a60a57-a3c8-11da-a746-0800200c9a66" uri="../unitgroups/93a60a57-a3c8-11da-a746-0800200c9a66.xml">
                <common:shortDescription xml:lang="de">MJ</common:shortDescription>
                <common:shortDescription xml:lang="en">MJ</common:shortDescription>
            </referenceToUnitGroupDataSet>
        </LCIIndicator>
    </LCIIndicators>
    <LCIAIndicators>
        <LCIAIndicator>
            <referenceToLCIAMethodDataSet type="LCIA method data set" refObjectId="77e416eb-a363-4258-a04e-171d843a6460"
                uri="../lciamethods/77e416eb-a363-4258-a04e-171d843a6460.xml">
                <common:shortDescription xml:lang="de">Globales Erwärmungspotenzial (GWP)</common:shortDescription>
                <common:shortDescription xml:lang="en">Global warming potential (GWP)</common:shortDescription>
                <common:shortDescription xml:lang="es">Potencial de calentamiento global (GWP)</common:shortDescription>
            </referenceToLCIAMethodDataSet>
            <referenceToUnitGroupDataSet type="unit group data set" refObjectId="1ebf3012-d0db-4de2-aefd-ef30cedb0be1" uri="../unitgroups/1ebf3012-d0db-4de2-aefd-ef30cedb0be1.xml">
                <common:shortDescription xml:lang="de">kg CO2-Äqv.</common:shortDescription>
                <common:shortDescription xml:lang="en">kg CO2-Equiv.</common:shortDescription>
            </referenceToUnitGroupDataSet>
        </LCIAIndicator>
        <LCIAIndicator>
            <referenceToLCIAMethodDataSet type="LCIA method data set" refObjectId="06dcd26f-025f-401a-a7c1-5e457eb54637"
                uri="../lciamethods/06dcd26f-025f-401a-a7c1-5e457eb54637.xml">
                <common:shortDescription xml:lang="de">Abbau Potential der stratosphärischen Ozonschicht (ODP)</common:shortDescription>
                <common:shortDescription xml:lang="en">Depletion potential of the stratospheric ozone layer (ODP)</common:shortDescription>
                <common:shortDescription xml:lang="es">Potencial de agotamiento de la capa de ozono estratosférico (ODP)</common:shortDescription>
            </referenceToLCIAMethodDataSet>
            <referenceToUnitGroupDataSet type="unit group data set" refObjectId="88054749-b0a6-47ea-a82b-dc5b29326512" uri="../unitgroups/88054749-b0a6-47ea-a82b-dc5b29326512.xml">
                <common:shortDescription xml:lang="de">kg R11-Äqv.</common:shortDescription>
                <common:shortDescription xml:lang="en">kg R11-Equiv.</common:shortDescription>
            </referenceToUnitGroupDataSet>
        </LCIAIndicator>
        <LCIAIndicator>
            <referenceToLCIAMethodDataSet type="LCIA method data set" refObjectId="b4274add-93b7-4905-a5e4-2e878c4e4216"
                uri="../lciamethods/b4274add-93b7-4905-a5e4-2e878c4e4216.xml">
                <common:shortDescription xml:lang="de">Versauerungspotenzial von Boden und Wasser (AP)</common:shortDescription>
                <common:shortDescription xml:lang="en">Acidification potential of soil and water (AP)</common:shortDescription>
                <common:shortDescription xml:lang="es">Potencial de acidificación del suelo y de los recursos de agua (AP)</common:shortDescription>
            </referenceToLCIAMethodDataSet>
            <referenceToUnitGroupDataSet type="unit group data set" refObjectId="bc50c624-a9bc-45b1-a9b0-e6b10d00476f" uri="../unitgroups/bc50c624-a9bc-45b1-a9b0-e6b10d00476f.xml">
                <common:shortDescription xml:lang="de">kg SO2-Äqv.</common:shortDescription>
                <common:shortDescription xml:lang="en">kg SO2-Equiv.</common:shortDescription>
            </referenceToUnitGroupDataSet>
        </LCIAIndicator>
        <LCIAIndicator>
            <referenceToLCIAMethodDataSet type="LCIA method data set" refObjectId="f58827d0-b407-4ec6-be75-8b69efb98a0f"
                uri="../lciamethods/f58827d0-b407-4ec6-be75-8b69efb98a0f.xml">
                <common:shortDescription xml:lang="de">Eutrophierungspotenzial (EP)</common:shortDescription>
                <common:shortDescription xml:lang="en">Eutrophication potential (EP)</common:shortDescription>
                <common:shortDescription xml:lang="es">Potencial de eutrofización (EP)</common:shortDescription>
            </referenceToLCIAMethodDataSet>
            <referenceToUnitGroupDataSet type="unit group data set" refObjectId="67b5401d-873c-485f-bcf3-6ae83b918822" uri="../unitgroups/67b5401d-873c-485f-bcf3-6ae83b918822.xml">
                <common:shortDescription xml:lang="de">kg Phosphat-Äqv.</common:shortDescription>
                <common:shortDescription xml:lang="en">kg Phosphate-Equiv.</common:shortDescription>
            </referenceToUnitGroupDataSet>
        </LCIAIndicator>
        <LCIAIndicator>
            <referenceToLCIAMethodDataSet type="LCIA method data set" refObjectId="1e84a202-dae6-42aa-9e9d-71ea48b8be00"
                uri="../lciamethods/1e84a202-dae6-42aa-9e9d-71ea48b8be00.xml">
                <common:shortDescription xml:lang="de">Bildungspotential für troposphärisches Ozon (POCP)</common:shortDescription>
                <common:shortDescription xml:lang="en">Formation potential of tropospheric ozone (POCP)</common:shortDescription>
                <common:shortDescription xml:lang="es">Potencial de formación de ozono troposférico (POCP)</common:shortDescription>
            </referenceToLCIAMethodDataSet>
            <referenceToUnitGroupDataSet type="unit group data set" refObjectId="01c26c17-9a76-406e-8295-f17b55fd909e" uri="../unitgroups/01c26c17-9a76-406e-8295-f17b55fd909e.xml">
                <common:shortDescription xml:lang="de">kg Ethen-Äqv.</common:shortDescription>
                <common:shortDescription xml:lang="en">kg Ethene-Equiv.</common:shortDescription>
            </referenceToUnitGroupDataSet>
        </LCIAIndicator>
        <LCIAIndicator>
            <referenceToLCIAMethodDataSet type="LCIA method data set" refObjectId="f7c73bb9-ab1a-4249-9c6d-379a0de6f67e"
                uri="../lciamethods/f7c73bb9-ab1a-4249-9c6d-379a0de6f67e.xml">
                <common:shortDescription xml:lang="de">Potenzial für den abiotischen Abbau nicht fossiler Ressourcen (ADPE)</common:shortDescription>
                <common:shortDescription xml:lang="en">Abiotic depletion potential for non fossil resources (ADPE)</common:shortDescription>
                <common:shortDescription xml:lang="es">Potencial de agotamiento de recursos abióticos para recursos no fósiles (ADPE)</common:shortDescription>
            </referenceToLCIAMethodDataSet>
            <referenceToUnitGroupDataSet type="unit group data set" refObjectId="54ccd2d9-a32a-4fc2-923d-f2c8c93e89d4" uri="../unitgroups/54ccd2d9-a32a-4fc2-923d-f2c8c93e89d4.xml">
                <common:shortDescription xml:lang="de">kg Sb-Äqv.</common:shortDescription>
                <common:shortDescription xml:lang="en">kg Sb-Equiv.</common:shortDescription>
            </referenceToUnitGroupDataSet>
        </LCIAIndicator>
        <LCIAIndicator>
            <referenceToLCIAMethodDataSet type="LCIA method data set" refObjectId="804ebcdf-309d-4098-8ed8-fdaf2f389981"
                uri="../lciamethods/804ebcdf-309d-4098-8ed8-fdaf2f389981.xml">
                <common:shortDescription xml:lang="de">Potenzial für den abiotischen Abbau fossiler Brennstoffe (ADPF)</common:shortDescription>
                <common:shortDescription xml:lang="en">Abiotic depletion potential for fossil resources (ADPF)</common:shortDescription>
                <common:shortDescription xml:lang="es">Potencial de agotamiento de recursos abióticos para recursos fósiles (ADPF)</common:shortDescription>
            </referenceToLCIAMethodDataSet>
            <referenceToUnitGroupDataSet type="unit group data set" refObjectId="93a60a57-a3c8-11da-a746-0800200c9a66" uri="../unitgroups/93a60a57-a3c8-11da-a746-0800200c9a66.xml">
                <common:shortDescription xml:lang="de">MJ</common:shortDescription>
                <common:shortDescription xml:lang="en">MJ</common:shortDescription>
            </referenceToUnitGroupDataSet>
        </LCIAIndicator>
    </LCIAIndicators>
</indicators>
