<?xml version="1.0" encoding="utf-8"?>
<CategorySystem xmlns="http://lca.jrc.it/ILCD/Categories" xmlns:common="http://lca.jrc.it/ILCD/Common" xmlns:xsi="http://www.w3.org/2001/XMLSchema-instance"
  xsi:schemaLocation="http://lca.jrc.it/ILCD/Categories ../schemas/ILCD_Categories.xsd" name="GaBiCategories">
  <categories dataType="Contact">
    <category id="0" name="Organisation"/>
    <category id="e7def350-d32a-4396-88f4-6542177b213c" name="Organisation">
      <category id="193b1e40-de1f-448e-b5ad-5b892643796c" name="Unternehmen"/>
    </category>
  </categories>
  <categories dataType="UnitGroup">
    <category id="30c118c5-1fb2-4c6d-93e3-5450c9698f1e" name="Technische Einheiten"/>
  </categories>
  <categories dataType="LCIAMethod">
    <category id="0" name="Umweltliche Größen">
      <category id="0.0" name="EPD">
        <category id="0.0.0" name="LCI Indikatoren"/>
      </category>
    </category>
    <category id="c665352a-123d-410a-8516-e06c35fdd023" name="Technische Größen"/>
    <category id="34390d09-b09f-4f90-9b44-f5967461e18c" name="Umweltliche Größen">
      <category id="aa526c9a-6360-4f9a-b27b-f50cb23131b8" name="EPD">
        <category id="5d2e9c1d-44d3-4a27-8046-7204252cb210" name="LCI Indikatoren">
          <category id="18e9d9a2-67f0-4839-9a01-c622ee8531f4" name="Primärenergie nicht regenerierbar"/>
          <category id="bb68940b-c0f3-4240-b4cc-5efdac22c6d7" name="Primärenergie regenerierbar"/>
        </category>
      </category>
    </category>
  </categories>
  <categories dataType="FlowProperty">
    <category id="0" name="Umweltliche Größen">
      <category id="0.0" name="EPD">
        <category id="0.0.0" name="LCI Indikatoren"/>
      </category>
    </category>
    <category id="c665352a-123d-410a-8516-e06c35fdd023" name="Technische Größen"/>
    <category id="34390d09-b09f-4f90-9b44-f5967461e18c" name="Umweltliche Größen">
      <category id="aa526c9a-6360-4f9a-b27b-f50cb23131b8" name="EPD">
        <category id="5d2e9c1d-44d3-4a27-8046-7204252cb210" name="LCI Indikatoren">
          <category id="18e9d9a2-67f0-4839-9a01-c622ee8531f4" name="Primärenergie nicht regenerierbar"/>
          <category id="bb68940b-c0f3-4240-b4cc-5efdac22c6d7" name="Primärenergie regenerierbar"/>
        </category>
      </category>
    </category>
  </categories>
  <categories dataType="Flow">
    <category id="0" name="Produktionsrückstände im Lebensfluss"/>
    <category id="81f528dc-d8f6-4419-80e5-548ca1a3228b" name="Produktionsrückstände im Lebensfluss">
      <category id="7ef2b3a3-7bbf-4879-beba-f383465c7776" name="Abfälle zur Verwertung"/>
    </category>
  </categories>
  <categories dataType="Process">
    <category id="0" name="8 Gebäudetechnik">
      <category id="0.0" name="8.7 EoL Gebäudetechnik"/>
    </category>
    <category id="f83f11e5-0138-4ee3-8de5-8f5d7cc027ea" name="8 Gebäudetechnik">
      <category id="b7d317f1-8ccf-49ec-9629-bdf672d58b6d" name="8.7 EoL Gebäudetechnik">
        <category id="436aeeed-fb43-44b1-8d5a-31d95a6206c3" name="8.7.2 Klimatisierung/Lüftung"/>
      </category>
    </category>
  </categories>
</CategorySystem>
