<?xml version="1.0" encoding="utf-8"?>
<?xml-stylesheet version="1.0" href="../../stylesheets/source2html.xsl" type="text/xsl"?>
<sourceDataSet xmlns="http://lca.jrc.it/ILCD/Source" xmlns:common="http://lca.jrc.it/ILCD/Common" xmlns:xsi="http://www.w3.org/2001/XMLSchema-instance"
    xsi:schemaLocation="http://lca.jrc.it/ILCD/Source ../../schemas/ILCD_SourceDataSet.xsd" version="1.1">
    <sourceInformation>
        <dataSetInformation>
            <common:UUID>cba73800-7874-11e3-981f-0800200c9a66</common:UUID>
            <common:shortName xml:lang="de">EPD Data Format Extension</common:shortName>
            <classificationInformation>
                <common:classification>
                    <common:class level="0">Data set formats</common:class>
                </common:classification>
            </classificationInformation>
            <sourceDescriptionOrComment xml:lang="en">Extensions for modelling Environmental Product Declarations (EPDs). Namespace URI is "http://www.iai.kit.edu/EPD/2013".</sourceDescriptionOrComment>
            <referenceToContact refObjectId="f11651e0-7877-11e3-981f-0800200c9a66" uri="../contacts/f11651e0-7877-11e3-981f-0800200c9a66.xml" type="contact data set">
                <common:shortDescription xml:lang="en">BBSR</common:shortDescription>
                <common:shortDescription xml:lang="de ">BBSR</common:shortDescription>
            </referenceToContact>
        </dataSetInformation>
    </sourceInformation>
    <administrativeInformation>
        <dataEntryBy>
            <common:timeStamp>2014-01-01T00:00:00+01:00</common:timeStamp>
            <common:referenceToDataSetFormat refObjectId="a97a0155-0234-4b87-b4ce-a45da52f2a40" type="source data set"
                uri="../sources/ILCD_Format_a97a0155-0234-4b87-b4ce-a45da52f2a40.xml">
                <common:shortDescription xml:lang="de">ILCD format 1.1</common:shortDescription>
            </common:referenceToDataSetFormat>
        </dataEntryBy>
        <publicationAndOwnership>
            <common:dataSetVersion>00.01.000</common:dataSetVersion>
        </publicationAndOwnership>
    </administrativeInformation>
</sourceDataSet>
