<cats>
    <cat code="1" name="Mineralische Baustoffe"/>
    <cat code="1.1" name="Bindemittel"/>
    <cat code="1.1.01" name="Zement"/>
    <cat code="1.1.02" name="Kalk"/>
    <cat code="1.1.03" name="Gips"/>
    <cat code="1.1.04" name="Lehm"/>
    
    <cat code="1.2" name="Zuschläge"/>
    <cat code="1.2.01" name="Sand und Kies"/>
    <cat code="1.2.02" name="Naturstein"/>
    <cat code="1.2.03" name="Bims"/>
    <cat code="1.2.04" name="Blähton"/>
    <cat code="1.2.05" name="Blähschiefer"/>
    <cat code="1.2.06" name="Blähglas"/>
    <cat code="1.2.07" name="Perlite"/>
    <cat code="1.2.08" name="Kraftwerksnebenprodukte"/>
    <cat code="1.2.09" name="Puzzolan"/>
    
    <cat code="1.3" name="Steine und Elemente"/>
    <cat code="1.3.01" name="Kalksandstein"/>
    <cat code="1.3.02" name="Ziegel"/>
    <cat code="1.3.03" name="Porenbeton"/>
    <cat code="1.3.04" name="Leichtbeton"/>
    <cat code="1.3.05" name="Betonfertigteile und Betonwaren"/>
    <cat code="1.3.06" name="Steinzeug"/>
    <cat code="1.3.07" name="Fliesen und Platten"/>
    <cat code="1.3.08" name="Naturwerkstein"/>
    <cat code="1.3.09" name="Schiefer"/>
    <cat code="1.3.10" name="Dachziegel"/>
    <cat code="1.3.11" name="Dachsteine"/>
    <cat code="1.3.12" name="Faserzement"/>
    <cat code="1.3.13" name="Gipsplatten"/>
    <cat code="1.3.14" name="Trockenestrich"/>
    <cat code="1.3.15" name="Deckenplatten"/>
    <cat code="1.3.16" name="Glasbausteine"/>
    <cat code="1.3.17" name="Lehmsteine"/>
    <cat code="1.3.18" name="Brandschutzplatten"/>
    
    <cat code="1.4" name="Mörtel und Beton"/>
    <cat code="1.4.01" name="Transportbeton"/>
    <cat code="1.4.02" name="Mauermörtel"/>
    <cat code="1.4.03" name="Estrich trocken"/>
    <cat code="1.4.04" name="Putz und Putzmörtel"/>
    <cat code="1.4.05" name="Kleber und Klebemörtel"/>
    <cat code="1.4.06" name="Betonzusatzmittel"/>
    
    <cat code="1.5" name="Asphalt"/>
    <cat code="1.5.01" name="Splittmastixasphalt"/>
    <cat code="1.5.02" name="Gussassphalt"/>
    <cat code="1.5.03" name="Asphaltbinder"/>
    <cat code="1.5.04" name="Tragschichten"/>
    
    <cat code="1.6" name="End-of-life-Prozesse"/>
    <cat code="1.6.01" name="EoL Putz"/>
    <cat code="1.6.02" name="EoL Armierungen"/>
    
    
    <cat code="2" name="Dämmstoffe"/>
    <cat code="2.1" name="Mineralwolle"/>
    <cat code="2.1.01" name="Mineralwolle"/>
    <cat code="2.1.02" name="Glaswolle"/>
    <cat code="2.1.03" name="Steinwolle"/>
    
    <cat code="2.2" name="Expandiertes Polystyrol"/>
    <cat code="2.2.01" name="EPS weiß"/>
    <cat code="2.2.02" name="EPS grau"/>
    <cat code="2.2.03" name="EPS grau-weiß"/>
    
    <cat code="2.3" name="Extrudiertes Polystyrol"/>
    <cat code="2.3.01" name="XPS weiß"/>
    
    <cat code="2.4" name="Polyurethan-Hartschaum (PUR)"/>
    <cat code="2.4.01" name="PU mit Aluminium"/>
    <cat code="2.4.02" name="PU mit Mineralfasern"/>
    <cat code="2.4.03" name="PU Blockschaum"/>
    
    <cat code="2.5" name="Phenolharz-Hartschaum (PF)"/>
    <cat code="2.6" name="Schaumglas"/>
    <cat code="2.6.01" name="Foamglas"/>
    
    <cat code="2.7" name="Holzwolleplatten"/>
    <cat code="2.7.01" name="Holzwolleleichtbauplatten"/>
    
    <cat code="2.8" name="Blähperlit"/>
    <cat code="2.9" name="Expandierter Kork"/>
    <cat code="2.9.01" name="Expandierter Kork"/>
    
    <cat code="2.10" name="Holzfasern"/>
    <cat code="2.10.01" name="Holzfaserdämmplatte"/>
    
    <cat code="2.11" name="Zellulosefaser"/>
    <cat code="2.11.01" name="Zellulose-Einblas-Dämmstoff"/>
    <cat code="2.11.02" name="Zelluloseplatten"/>
    
    <cat code="2.12" name="Flachsfaser"/>
    <cat code="2.12.01" name="Vlies"/>
    
    <cat code="2.13" name="Hanffaser"/>
    <cat code="2.13.01" name="Vlies"/>
    
    <cat code="2.14" name="Baumwolle"/>
    <cat code="2.14.01" name="Baumwolle konventionell"/>
    <cat code="2.14.02" name="Baumwolle ökologisch"/>
    
    <cat code="2.15" name="Schafswolle"/>
    <cat code="2.16" name="Harnstoff-Formaldehydharz"/>
    <cat code="2.16.01" name="Ortschaum"/>
    
    <cat code="2.17" name="Melaminharz"/>
    <cat code="2.17.01" name="Schaum"/>
    
    <cat code="2.18" name="Polyethylen"/>
    <cat code="2.18.01" name="Schaum"/>
    
    <cat code="2.19" name="Kautschuk"/>
    <cat code="2.19.01" name="Schaum"/>
    
    <cat code="2.20" name="Calciumsilikat / Calcium-Silikathydrat"/>
    <cat code="2.20.01" name="Porenbeton"/>
    <cat code="2.20.02" name="Calciumsilikat"/>
    
    <cat code="2.21" name="Wärmedämmverbundsystem"/>
    <cat code="2.21.01" name="Wärmedämmverbundsystem"/>
    <cat code="2.21.02" name="WDVS-Dübel"/>
    <cat code="2.21.03" name="WDVS komplett"/>
    
    <cat code="2.22" name="End-of-life-Prozesse"/>
    <cat code="2.22.01" name="EoL Holzfaserdämmplatten"/>
    <cat code="2.22.02" name="EoL Glaswolle"/>
    <cat code="2.22.03" name="EoL Mineralwolle"/>
    <cat code="2.22.04" name="EoL WDVS-Dübel"/>
    <cat code="2.22.05" name="EoL WDVS"/>
    <cat code="2.22.06" name="EoL EPS"/>
    <cat code="2.22.07" name="EoL Holzwolle"/>
    
    
    <cat code="3" name="Holz"/>
    <cat code="3.1" name="Vollholz"/>
    <cat code="3.1.01" name="Bau-Schnittholz"/>
    <cat code="3.1.02" name="Konstruktionsvollholz"/>
    <cat code="3.1.03" name="Balkenschichtholz (Duo-Triobalken)"/>
    <cat code="3.1.04" name="Brettschichtholz (BSH)"/>
    <cat code="3.1.05" name="Brettschichtholzplatte"/>
    
    <cat code="3.2" name="Holzwerkstoffe"/>
    <cat code="3.2.01" name="3- und 5-Schichtplatten"/>
    <cat code="3.2.02" name="Sperrholz"/>
    <cat code="3.2.03" name="Funierschichtholz"/>
    <cat code="3.2.04" name="OSB-Platte"/>
    <cat code="3.2.05" name="Laminated Veneer Lumber (LVL)"/>
    <cat code="3.2.06" name="Spanplatten"/>
    <cat code="3.2.07" name="Holzfaserplatten"/>
    <cat code="3.2.08" name="Holzzementplatten"/>
    
    <cat code="3.3" name="Holzböden"/>
    <cat code="3.3.01" name="Laminat"/>
    <cat code="3.3.02" name="Parkett"/>
    <cat code="3.3.03" name="Kork"/>
    
    <cat code="3.4" name="End-of-life-Prozesse"/>
    <cat code="3.4.01" name="EoL Spanplatte"/>
    <cat code="3.4.02" name="EoL OSB"/>
    <cat code="3.4.03" name="EoL allgemein"/>
    <cat code="3.4.04" name="EoL Holzfaserplatte"/>
    <cat code="3.4.05" name="EoL Laminat"/>
    <cat code="3.4.06" name="EoL Schichtplatten"/>
    
    
    <cat code="4" name="Metalle"/>
    <cat code="4.1" name="Stahl und Eisen"/>
    <cat code="4.1.01" name="Betonstabstahl"/>
    <cat code="4.1.02" name="Betonstahlmatten"/>
    <cat code="4.1.03" name="Stahlprofile"/>
    <cat code="4.1.04" name="Stahlbleche"/>
    <cat code="4.1.05" name="Guss- und Schmiedeteile aus Stahl und Eisen"/>
    
    <cat code="4.2" name="Edelstahl"/>
    <cat code="4.2.01" name="Edelstahlbleche"/>
    <cat code="4.2.02" name="Edelstahlprofile"/>
    <cat code="4.2.03" name="Edelstahl-Trinkwasserrohre"/>
    
    <cat code="4.3" name="Aluminium"/>
    <cat code="4.3.01" name="Aluminiumbleche"/>
    <cat code="4.3.02" name="Aluminiumprofil"/>
    <cat code="4.3.03" name="Gussteile aus Aluminium"/>
    
    <cat code="4.4" name="Kupfer"/>
    <cat code="4.4.01" name="Kupferbleche"/>
    <cat code="4.4.02" name="Kupferrohre"/>
    <cat code="4.4.03" name="Kupferprofile"/>
    <cat code="4.4.04" name="Schmiede- und Gussteile aus Kupfer und Messing"/>
    
    <cat code="4.5" name="Zink"/>
    <cat code="4.5.01" name="Zinkbleche"/>
    
    <cat code="4.6" name="Blei"/>
    <cat code="4.6.01" name="Bleibleche"/>
    
    <cat code="4.7" name="Oberflächenbehandlung und Beschichtung von Metallen"/>
    <cat code="4.7.01" name="Anodisieren von Aluminium"/>
    <cat code="4.7.02" name="(Nass-) Lackieren von Metallen"/>
    <cat code="4.7.03" name="Pulverbeschichten"/>
    <cat code="4.7.04" name="Verzinken von Stahl"/>
    
    <cat code="4.8" name="End-of-life-Prozesse von Metallen"/>
    <cat code="4.8.01" name="EoL von Aluminium"/>
    <cat code="4.8.02" name="EoL von Edelstahl"/>
    <cat code="4.8.03" name="EoL von Kupferblechen"/>
    <cat code="4.8.04" name="EoL von Kupferblech (Bronze legiert)"/>
    <cat code="4.8.05" name="EoL von Kupferblech (Gold legiert)"/>
    <cat code="4.8.06" name="EoL von Kupferrohr"/>
    <cat code="4.8.07" name="EoL von Sandwichelemente"/>
    <cat code="4.8.08" name="EoL von Stahlblechen"/>
    <cat code="4.8.09" name="EoL von Stahlprofilen"/>
    <cat code="4.8.10" name="EoL von Zinkblechen"/>
    
    
    <cat code="5" name="Beschichtungen"/>
    <cat code="5.1" name="Grundierungen"/>
    <cat code="5.1.01" name="Grundierungen Farben und Putze"/>
    
    <cat code="5.2" name="Bodenbeschichtungen"/>
    <cat code="5.3" name="Bituminöse Anstriche"/>
    <cat code="5.3.01" name="Bitumenbeschichtungen"/>
    
    <cat code="5.4" name="Fassadenfarben"/>
    <cat code="5.4.01" name="Dispersion"/>
    <cat code="5.4.02" name="Silikat-Dispersion"/>
    <cat code="5.4.03" name="Silikonharz"/>
    
    <cat code="5.5" name="Innenbeschichtungen"/>
    <cat code="5.5.01" name="Wand- und Deckenbeläge"/>
    <cat code="5.5.02" name="Innenfarben"/>
    
    <cat code="5.6" name="Lacke und Lasuren"/>
    <cat code="5.6.01" name="Lacksysteme Holzfenster"/>
    <cat code="5.6.02" name="Lacksysteme Holzfassade"/>
    <cat code="5.6.03" name="Parkettlack"/>
    <cat code="5.6.04" name="Lacksysteme Metall"/>
    
    <cat code="5.7" name="End-of-life-Prozesse"/>
    <cat code="5.7.01" name="EoL Grundierung"/>
    
    <cat code="5.8" name="Reaktionsharze"/>
    <cat code="5.8.01" name="Reaktionsharze auf Epoxidharzbasis"/>
    <cat code="5.8.02" name="Reaktionsharze auf PU-Basis"/>
    <cat code="5.8.03" name="Reaktionsharze auf Methacrylatbasis"/>
    
    
    <cat code="6" name="Kunststoffe"/>
    <cat code="6.1" name="Rohre"/>
    <cat code="6.1.01" name="Trinkwasserrohre"/>
    <cat code="6.1.02" name="Abwasserrohre"/>
    <cat code="6.1.03" name="Regen-/Grauwasserrohre"/>
    
    <cat code="6.2" name="Bodenbeläge"/>
    <cat code="6.2.01" name="PVC-Bodenbeläge"/>
    <cat code="6.2.02" name="Gummi-/Kautschuk-Bodenbeläge"/>
    <cat code="6.2.03" name="Synth. Thermoplast / Polyolefin"/>
    <cat code="6.2.04" name="Linoleum-Bodenbeläge"/>
    <cat code="6.2.05" name="Textile Bodenbeläge"/>
    
    <cat code="6.3" name="Dachbahnen"/>
    <cat code="6.3.01" name="Bitumen-Dachbahnen"/>
    <cat code="6.3.02" name="PVC-Dachbahnen"/>
    <cat code="6.3.03" name="Elastomer-Dachbahnen"/>
    <cat code="6.3.04" name="EVA-Dachbahnen (Etylen-Vinylacetat)"/>
    <cat code="6.3.05" name="TPO-Dachbahnen (FPO)"/>
    <cat code="6.3.06" name="Solar-Kunststoffdachbahnen"/>
    <cat code="6.3.07" name="Dübel für Bahnen"/>
    <cat code="6.3.08" name="ECB-Dachbahnen (Ethylen-Copolymer-Bitumen)"/>
    <cat code="6.3.09" name="PIB-Dachbahnen (Polyisobutylen)"/>
    
    <cat code="6.4" name="Profile"/>
    <cat code="6.4.01" name="Kunststoffprofile hart"/>
    <cat code="6.4.02" name="Kunststoffprofile elastisch"/>
    
    <cat code="6.5" name="Kunststoffprofile elastisch"/>
    <cat code="6.5.01" name="Harz-Komposit-Fassadenplatten"/>
    <cat code="6.5.02" name="Transparente Platten"/>
    <cat code="6.5.03" name="Dübelsysteme für Platten"/>
    
    <cat code="6.6" name="Folien und Vliese"/>
    <cat code="6.6.01" name="Unterspannbahn"/>
    <cat code="6.6.02" name="Dampfbremse / Dampfsperre"/>
    <cat code="6.6.03" name="Folien zur Abdichtung"/>
    <cat code="6.6.04" name="Vliese"/>
    <cat code="6.6.05" name="Baupappen"/>
    <cat code="6.6.06" name="Folienkissen"/>
    <cat code="6.6.07" name="Technische Textilien"/>
    
    <cat code="6.7" name="Dichtmassen"/>
    <cat code="6.7.01" name="Kautschuk"/>
    <cat code="6.7.02" name="Silikon"/>
    <cat code="6.7.03" name="PUR"/>
    <cat code="6.7.04" name="Bitumen"/>
    <cat code="6.7.05" name="PVC"/>
    <cat code="6.7.06" name="Acrylat"/>
    
    <cat code="6.8" name="End-of-life-Prozesse Kunststoffe"/>
    <cat code="6.8.01" name="EoL allgemein"/>
    <cat code="6.8.02" name="EoL Dübelsystem für Platten"/>
    <cat code="6.8.03" name="EoL Dübelsystem für Planen"/>
    <cat code="6.8.04" name="EoL Elastomer-Dachbahnen"/>
    <cat code="6.8.05" name="EoL EVA-Dachbahnen"/>
    
    
    <cat code="7" name="Komponenten von Fenstern und Vorhangfassaden"/>
    <cat code="7.1" name="Rahmen / Profile"/>
    <cat code="7.1.01" name="Holz"/>
    <cat code="7.1.02" name="Holz thermisch getrennt"/>
    <cat code="7.1.03" name="Holzwerkstoff"/>
    <cat code="7.1.04" name="Holz-Aluminium"/>
    <cat code="7.1.05" name="Aluminium"/>
    <cat code="7.1.06" name="Aluminium thermisch getrennt"/>
    <cat code="7.1.07" name="Stahl"/>
    <cat code="7.1.08" name="Stahl verzinkt"/>
    <cat code="7.1.09" name="PVC"/>
    <cat code="7.1.10" name="harter PUR-Integralschaumstoff"/>
    
    <cat code="7.2" name="Füllungen"/>
    <cat code="7.2.01" name="Transparente Füllungen"/>
    <cat code="7.2.02" name="Opake Füllungen"/>
    
    <cat code="7.3" name="Dichtungskomponenten / -materialien"/>
    <cat code="7.3.01" name="Dichtprofile"/>
    <cat code="7.3.02" name="Spritzbare Dichtstoffe"/>
    <cat code="7.3.03" name="Imprägnierte Dichtungsbänder aus Schaumkunststoff"/>
    <cat code="7.3.04" name="Fugendichtungsbänder"/>
    <cat code="7.3.05" name="Elastomer-Fugenbänder"/>
    <cat code="7.3.06" name="Dichtfolien"/>
    <cat code="7.3.07" name="Anputzdichtleisten"/>
    
    <cat code="7.4" name="Beschläge"/>
    <cat code="7.4.01" name="Stahlbeschläge"/>
    <cat code="7.4.02" name="Aluminiumbeschläge"/>
    <cat code="7.4.03" name="Bronzebeschläge"/>
    <cat code="7.4.04" name="Messingbeschläge"/>
    <cat code="7.4.05" name="Edelstahlbeschläge"/>
    <cat code="7.4.06" name="Befestigungen"/>
    <cat code="7.4.07" name="Fenstergriffe"/>
    <cat code="7.4.08" name="Zinkbeschläge"/>
    <cat code="7.4.09" name="Kunststoffbeschläge"/>
    
    <cat code="7.5" name="End-of-life-Prozesse"/>
    <cat code="7.5.01" name="EoL Stahl"/>
    <cat code="7.5.02" name="EoL Aluminium"/>
    <cat code="7.5.03" name="EoL Bronze"/>
    <cat code="7.5.04" name="EoL Messing"/>
    <cat code="7.5.05" name="EoL Edelstahl"/>
    <cat code="7.5.06" name="EoL Zink"/>
    <cat code="7.5.07" name="EoL Fenster"/>
    
    <cat code="7.6" name="Türen und Tore"/>
    <cat code="7.6.01" name="Stahl"/>
    <cat code="7.6.02" name="Aluminium"/>
    <cat code="7.6.03" name="Holz"/>
    <cat code="7.6.04" name="Kunststoff"/>
    
    
    <cat code="8" name="Gebäudetechnik"/>
    <cat code="8.1" name="Heizung"/>
    <cat code="8.1.01" name="Wärmeerzeuger"/>
    <cat code="8.1.02" name="Wärmeverteilung und Abgabe"/>
    <cat code="8.1.03" name="Speicher"/>
    
    <cat code="8.2" name="Klimatisierung und Lüftung"/>
    <cat code="8.2.01" name="Lüftungsanlagen"/>
    <cat code="8.2.02" name="Klimatisierung/Kältemaschinen"/>
    <cat code="8.2.03" name="Zubehör"/>
    
    <cat code="8.3" name="Sanitär"/>
    <cat code="8.3.01" name="Sanitärkeramik"/>
    <cat code="8.3.02" name="Armaturen"/>
    <cat code="8.3.03" name="Dusch- und Badewannen"/>
    
    <cat code="8.4" name="Elektro"/>
    <cat code="8.4.01" name="Kabel"/>
    <cat code="8.4.02" name="Schalter und Steckdosen"/>
    <cat code="8.4.03" name="Sicherungs- und Schaltschränke"/>
    <cat code="8.4.04" name="Beleuchtung"/>
    
    <cat code="8.5" name="Beförderung"/>
    <cat code="8.5.01" name="Fahrstuhl"/>
    <cat code="8.5.02" name="Fahrtreppe"/>
    
    <cat code="8.6" name="Nutzung"/>
    <cat code="8.6.01" name="Nutzung Wärmeerzeuger"/>
    <cat code="8.6.02" name="Nutzung Lüftung und Klimatechnik"/>
    <cat code="8.6.03" name="Nutzung Armaturen"/>
    <cat code="8.6.04" name="Nutzung Beleuchtung"/>
    <cat code="8.6.05" name="Nutzung Beförderungstechnik"/>
    
    <cat code="8.7" name="End-of-life-Prozesse"/>
    <cat code="8.7.01" name="EoL Wärmeerzeuger"/>
    <cat code="8.7.02" name="EoL Lüftungen und Klimatechnik"/>
    <cat code="8.7.03" name="EoL Sanitär"/>
    <cat code="8.7.04" name="EoL Elektro"/>
    <cat code="8.7.05" name="EoL Beförderungstechnik"/>
    
    
    <cat code="9" name="Sonstige"/>
    <cat code="9.1" name="Baustellenprozesse"/>
    <cat code="9.1.01" name="Bagger/Aushub"/>
    <cat code="9.1.02" name="Betonieren"/>
    <cat code="9.1.03" name="Schalung"/>
    <cat code="9.1.04" name="Schweißen"/>
    
    <cat code="9.2" name="Energieträger – Bereitstellung frei Verbraucher"/>
    <cat code="9.2.01" name="Erdgas"/>
    <cat code="9.2.02" name="Flüssiggas"/>
    <cat code="9.2.03" name="Heizöl"/>
    <cat code="9.2.04" name="Holz-Pellets"/>
    <cat code="9.2.05" name="Strom"/>
    <cat code="9.2.06" name="Fernwärme"/>
    
    <cat code="9.3" name="Güter – Transporte[t km]"/>
    <cat code="9.3.01" name="LKW"/>
    <cat code="9.3.02" name="Bahn"/>
    <cat code="9.3.03" name="Binnenschiff"/>
    <cat code="9.3.04" name="Seeschiff"/>
    
    <cat code="9.4" name="Personen – Transporte[Personen km]"/>
    <cat code="9.4.01" name="PKW"/>
    <cat code="9.4.02" name="Bahn"/>
    <cat code="9.4.03" name="Flugzeug"/>
    
    <cat code="9.5" name="Abfallaufbereitung und -entsorgung (EoL)"/>
    <cat code="9.5.01" name="Bauschuttaufbereitung"/>
    <cat code="9.5.02" name="Bauschuttdeponierung"/>
    <cat code="9.5.03" name="Regeldeponie"/>
    <cat code="9.5.04" name="Müllverbrennung"/>

</cats>
