<?xml version="1.0" encoding="UTF-8" standalone="yes"?>
<s:sourceDataSet xmlns:m="http://lca.jrc.it/ILCD/LCIAMethod" xmlns:common="http://lca.jrc.it/ILCD/Common" xmlns:s="http://lca.jrc.it/ILCD/Source" xmlns:c="http://lca.jrc.it/ILCD/Contact" xmlns:f="http://lca.jrc.it/ILCD/Flow" xmlns="http://lca.jrc.it/ILCD/Process" xmlns:fp="http://lca.jrc.it/ILCD/FlowProperty" xmlns:u="http://lca.jrc.it/ILCD/UnitGroup" version="1.1">
    <s:sourceInformation>
        <s:dataSetInformation>
            <common:UUID>4566fcad-aeb2-4826-86ad-b0b7f76ca7f0</common:UUID>
            <common:shortName xml:lang="en">wood panel production process flow diagram</common:shortName>
            <s:classificationInformation>
                <common:classification>
                    <common:class level="0">Images</common:class>
                </common:classification>
            </s:classificationInformation>
            <s:sourceDescriptionOrComment xml:lang="en">a flow diagram depicting the production process of the wood panel</s:sourceDescriptionOrComment>
            <s:referenceToDigitalFile uri="../external_docs/wood_panel_production_process.png"/>
        </s:dataSetInformation>
    </s:sourceInformation>
    <s:administrativeInformation>
        <s:dataEntryBy>
            <common:timeStamp>2020-09-25T11:05:52.135+02:00</common:timeStamp>
        </s:dataEntryBy>
        <s:publicationAndOwnership>
            <common:dataSetVersion>00.00.003</common:dataSetVersion>
        </s:publicationAndOwnership>
    </s:administrativeInformation>
</s:sourceDataSet>
