<?xml version="1.0" encoding="UTF-8" standalone="yes"?>
<c:contactDataSet xmlns:m="http://lca.jrc.it/ILCD/LCIAMethod" xmlns:common="http://lca.jrc.it/ILCD/Common" xmlns:s="http://lca.jrc.it/ILCD/Source" xmlns:c="http://lca.jrc.it/ILCD/Contact" xmlns:f="http://lca.jrc.it/ILCD/Flow" xmlns="http://lca.jrc.it/ILCD/Process" xmlns:fp="http://lca.jrc.it/ILCD/FlowProperty" xmlns:u="http://lca.jrc.it/ILCD/UnitGroup" version="1.1">
    <c:contactInformation>
        <c:dataSetInformation>
            <common:UUID>288e50ce-aac4-4720-8931-82dcbd2d4c9a</common:UUID>
            <common:shortName xml:lang="en">Pro Sustainability Consultants</common:shortName>
            <common:name xml:lang="en">Pro Sustainability Consultants GmbH</common:name>
            <c:classificationInformation>
                <common:classification>
                    <common:class level="0">Organisations</common:class>
                    <common:class level="1" classId="2.1">Private companies</common:class>
                </common:classification>
            </c:classificationInformation>
        </c:dataSetInformation>
    </c:contactInformation>
    <c:administrativeInformation>
        <c:dataEntryBy>
            <common:timeStamp>2020-09-25T09:41:53.486+02:00</common:timeStamp>
        </c:dataEntryBy>
        <c:publicationAndOwnership>
            <common:dataSetVersion>00.00.001</common:dataSetVersion>
        </c:publicationAndOwnership>
    </c:administrativeInformation>
</c:contactDataSet>
