<?xml version="1.0" encoding="UTF-8" standalone="yes"?>
<u:unitGroupDataSet xmlns:m="http://lca.jrc.it/ILCD/LCIAMethod" xmlns:common="http://lca.jrc.it/ILCD/Common" xmlns:s="http://lca.jrc.it/ILCD/Source" xmlns:c="http://lca.jrc.it/ILCD/Contact" xmlns:f="http://lca.jrc.it/ILCD/Flow" xmlns="http://lca.jrc.it/ILCD/Process" xmlns:fp="http://lca.jrc.it/ILCD/FlowProperty" xmlns:u="http://lca.jrc.it/ILCD/UnitGroup" version="1.1">
    <u:unitGroupInformation>
        <u:dataSetInformation>
            <common:UUID>f130951c-e67f-4f7f-8dd4-665de3974e18</common:UUID>
            <common:name xml:lang="en">dimensionless</common:name>
            <u:classificationInformation>
                <common:classification>
                    <common:class level="0">Technical unit groups</common:class>
                </common:classification>
            </u:classificationInformation>
            <common:generalComment xml:lang="en">use this as a unit group for dimensionless properties</common:generalComment>
        </u:dataSetInformation>
    </u:unitGroupInformation>
    <u:administrativeInformation>
        <u:dataEntryBy>
            <common:timeStamp>2020-10-11T17:42:56.260+02:00</common:timeStamp>
        </u:dataEntryBy>
        <u:publicationAndOwnership>
            <common:dataSetVersion>00.00.003</common:dataSetVersion>
        </u:publicationAndOwnership>
    </u:administrativeInformation>
</u:unitGroupDataSet>
