<?xml version="1.0" encoding="UTF-8" standalone="yes"?>
<s:sourceDataSet xmlns:m="http://lca.jrc.it/ILCD/LCIAMethod" xmlns:common="http://lca.jrc.it/ILCD/Common" xmlns:s="http://lca.jrc.it/ILCD/Source" xmlns:c="http://lca.jrc.it/ILCD/Contact" xmlns:f="http://lca.jrc.it/ILCD/Flow" xmlns="http://lca.jrc.it/ILCD/Process" xmlns:fp="http://lca.jrc.it/ILCD/FlowProperty" xmlns:u="http://lca.jrc.it/ILCD/UnitGroup" version="1.1">
    <s:sourceInformation>
        <s:dataSetInformation>
            <common:UUID>f79a8947-b608-4eeb-9b3b-97a3ea8cfea5</common:UUID>
            <common:shortName xml:lang="en">Wood Panel EPD</common:shortName>
            <s:classificationInformation>
                <common:classification name="ILCD">
                    <common:class level="0" classId="6">Other source types</common:class>
                </common:classification>
            </s:classificationInformation>
            <s:referenceToDigitalFile uri="../external_docs/Wood_Panel_EPD.pdf"/>
        </s:dataSetInformation>
    </s:sourceInformation>
    <s:administrativeInformation>
        <s:dataEntryBy>
            <common:timeStamp>2020-07-10T17:54:52.084+02:00</common:timeStamp>
        </s:dataEntryBy>
        <s:publicationAndOwnership>
            <common:dataSetVersion>00.00.002</common:dataSetVersion>
        </s:publicationAndOwnership>
    </s:administrativeInformation>
</s:sourceDataSet>
