<?xml version="1.0" encoding="UTF-8"?>
<?xml-stylesheet version="1.0" href="../../stylesheets/epd2html.xsl" type="text/xsl"?>
<processDataSet xmlns="http://lca.jrc.it/ILCD/Process" xmlns:common="http://lca.jrc.it/ILCD/Common" xmlns:epd="http://www.iai.kit.edu/EPD/2013"
    xmlns:xsi="http://www.w3.org/2001/XMLSchema-instance" xsi:schemaLocation="http://lca.jrc.it/ILCD/Process ../../schemas/EPD_DataSet.xsd" locations="../ILCDLocations.xml"
    version="1.1">
    <processInformation>
        <dataSetInformation>
            <common:UUID>a57a742d-0d2e-42a5-b219-13755cbd555e</common:UUID>
            <name>
                <baseName xml:lang="de">Heizkörper</baseName>
            </name>
            <classificationInformation>
                <common:classification name="GaBiCategories" classes="../GaBiCategories.xml">
                    <common:class level="0" classId="3d3395e4-d537-4464-873f-f0c1b5a72782">Bauindustrie</common:class>
                    <common:class level="1" classId="f83f11e5-0138-4ee3-8de5-8f5d7cc027ea">Gebäudetechnik</common:class>
                    <common:class level="2" classId="8e14bdfd-e4a5-4783-8dca-b5fa879c1684">Heizung</common:class>
                    <common:class level="3" classId="76cf9f8c-d9ac-457a-a4a8-1d1a3aeb4d48">Wärmeverteilung und Wärmeabgabe</common:class>
                </common:classification>
                <common:classification name="oekobau.dat">
                    <common:class level="0" classId="8">Gebäudetechnik</common:class>
                    <common:class level="1" classId="8.1">Heizung</common:class>
                    <common:class level="2" classId="8.1.02">Wärmeverteilung und Abgabe</common:class>
                </common:classification>
            </classificationInformation>
            <common:generalComment>Dieser Datensatz beinhaltet die Ergebnisse für die Module A1 – A3 gemäß EN 15804.</common:generalComment>
            <common:other>
                <epd:safetyMargins>
                    <epd:margins>20</epd:margins>
                    <epd:description xml:lang="de">wenige Teile (Prozesse) fehlen</epd:description>
                </epd:safetyMargins>
            </common:other>
        </dataSetInformation>
        <quantitativeReference type="Reference flow(s)">
            <referenceToReferenceFlow>121</referenceToReferenceFlow>
        </quantitativeReference>
        <time>
            <common:referenceYear>2008</common:referenceYear>
            <common:dataSetValidUntil>2013</common:dataSetValidUntil>
            <common:timeRepresentativenessDescription xml:lang="de">jährlicher Durchschnitt</common:timeRepresentativenessDescription>
        </time>
        <geography>
            <locationOfOperationSupplyOrProduction location="DE"/>
        </geography>
        <technology>
            <technologyDescriptionAndIncludedProcesses xml:lang="de">Die Ökobilanzergebnisse umfassen die Lebenszyklusstadien der Herstellung der Vorprodukte bis hin zur Rohstoffgewinnung und Verarbeitungsprozesse von als Input dienenden Sekundärstoffen (z.B. Recyclingprozesse), deren Transporte zum Werk sowie die Produktion selbst, einschließlich der Bereitstellung von allen Hilfs- und Betriebsstoffen, Energie, sowie die vollständige Abfallbehandlung oder die Deponierung der Restabfälle während des Stadiums der Produktion. Die Module A1, A2 und A3 sind hier als ein aggregiertes Modul A1-A3 ausgewiesen. Falls für diesen Datensatz weitere Module berechnet wurden, sind diese separat zu finden und können für eine Betrachtung des gesamten Lebenszyklus zusammengeführt werden.

Lackierter Flachheizkörper aus Stahl. Für Flachheizkörper kann nach VDI Richtline 2067 von einer 30 jährigen durchschnittlichen Lebensdauer ausgegangen werden.</technologyDescriptionAndIncludedProcesses>
            <technologicalApplicability xml:lang="de">Abgabe vom Thermischer Energie an die Raumluft</technologicalApplicability>
            <referenceToTechnologyFlowDiagrammOrPicture refObjectId="c0aab357-cbfa-4823-a7df-0e05990a4e10" type="source data set"
                uri="../sources/c0aab357-cbfa-4823-a7df-0e05990a4e10.xml">
                <common:shortDescription xml:lang="de">Gewicht Heizkoerper.jpg</common:shortDescription>
            </referenceToTechnologyFlowDiagrammOrPicture>
        </technology>
    </processInformation>
    <modellingAndValidation>
        <LCIMethodAndAllocation>
            <typeOfDataSet>EPD</typeOfDataSet>
            <common:other>
                <epd:subType>generic dataset</epd:subType>
            </common:other>
        </LCIMethodAndAllocation>
        <dataSourcesTreatmentAndRepresentativeness>
            <referenceToDataSource refObjectId="fe5b9b2f-38c9-430a-b331-c7e9d70fca9d" type="source data set" uri="../sources/fe5b9b2f-38c9-430a-b331-c7e9d70fca9d.xml">
                <common:shortDescription xml:lang="de">VDI 2067</common:shortDescription>
            </referenceToDataSource>
            <referenceToDataSource refObjectId="1990fcc8-fcff-494a-854e-505a3f742c88" type="source data set" uri="../sources/1990fcc8-fcff-494a-854e-505a3f742c88.xml">
                <common:shortDescription xml:lang="de">GaBi4 Software und Datenbank 2006</common:shortDescription>
            </referenceToDataSource>
            <referenceToDataSource refObjectId="4be7d0e9-5533-4b69-a36f-bc29026ecf57" type="source data set" uri="../sources/4be7d0e9-5533-4b69-a36f-bc29026ecf57.xml">
                <common:shortDescription xml:lang="de">BUDERUS 2002</common:shortDescription>
            </referenceToDataSource>
            <useAdviceForDataSet xml:lang="de">Dieser Datensatz beinhaltet die Ergebnisse für die Module A1 – A3 gemäß EN 15804.
Der Datensatz hat eine funktionelle Einheit von einem Kilogramm Flachheizkörper aus lackiertem Stahl und kann mit Hilfe der Gewichtsangaben für Heizkörper unterschiedlichem Typs skaliert werden. Der vorliegende Datensatz ist mit einem Sicherheitszuschlag von 20% auf die Ergebnisse versehen.</useAdviceForDataSet>
        </dataSourcesTreatmentAndRepresentativeness>
        <validation>
            <review type="Dependent internal review">
                <common:referenceToNameOfReviewerAndInstitution refObjectId="302ccdb9-f9a4-46a2-8ffa-596d78b7dbdf" type="contact data set"
                    uri="../contacts/302ccdb9-f9a4-46a2-8ffa-596d78b7dbdf.xml">
                    <common:shortDescription xml:lang="de">PE INTERNATIONAL</common:shortDescription>
                </common:referenceToNameOfReviewerAndInstitution>
            </review>
        </validation>
        <complianceDeclarations>
            <compliance>
                <common:referenceToComplianceSystem type="source data set" uri="../sources/b00f9ec0-7874-11e3-981f-0800200c9a66.xml"
                    refObjectId="b00f9ec0-7874-11e3-981f-0800200c9a66">
                    <common:shortDescription xml:lang="de">DIN EN 15804</common:shortDescription>
                </common:referenceToComplianceSystem>
            </compliance>
        </complianceDeclarations>
    </modellingAndValidation>
    <administrativeInformation>
        <dataEntryBy>
            <common:timeStamp>2012-10-12T10:16:30+01:00</common:timeStamp>
            <common:referenceToDataSetFormat refObjectId="a97a0155-0234-4b87-b4ce-a45da52f2a40" type="source data set"
                uri="../sources/ILCD_Format_a97a0155-0234-4b87-b4ce-a45da52f2a40.xml">
                <common:shortDescription xml:lang="de">ILCD format 1.1</common:shortDescription>
            </common:referenceToDataSetFormat>
            <common:referenceToDataSetFormat type="source data set" refObjectId="cba73800-7874-11e3-981f-0800200c9a66" uri="../sources/cba73800-7874-11e3-981f-0800200c9a66.xml">
                <common:shortDescription xml:lang="en">EPD Data Format Extensions</common:shortDescription>
                <common:shortDescription xml:lang="de">EPD-Datenformaterweiterungen</common:shortDescription>
            </common:referenceToDataSetFormat>
        </dataEntryBy>
        <publicationAndOwnership>
            <common:dataSetVersion>00.02.000</common:dataSetVersion>
            <common:dateOfLastRevision>2012-10-12T10:16:30+01:00</common:dateOfLastRevision>
            <common:referenceToOwnershipOfDataSet refObjectId="302ccdb9-f9a4-46a2-8ffa-596d78b7dbdf" type="contact data set"
                uri="../contacts/302ccdb9-f9a4-46a2-8ffa-596d78b7dbdf.xml">
                <common:shortDescription xml:lang="de">PE INTERNATIONAL</common:shortDescription>
            </common:referenceToOwnershipOfDataSet>
            <common:copyright>true</common:copyright>
        </publicationAndOwnership>
    </administrativeInformation>
    <exchanges>
        <exchange dataSetInternalID="121">
            <referenceToFlowDataSet refObjectId="287ca0ed-f629-42ee-a8aa-acf58a7d8ae0" type="flow data set" uri="../flows/Heizkoerper_287ca0ed-f629-42ee-a8aa-acf58a7d8ae0.xml">
                <common:shortDescription xml:lang="de">Heizkörper</common:shortDescription>
            </referenceToFlowDataSet>
            <meanAmount>1</meanAmount>
        </exchange>
        <exchange dataSetInternalID="2">
            <referenceToFlowDataSet type="flow data set" refObjectId="20f32be5-0398-4288-9b6d-accddd195317" uri="../flows/20f32be5-0398-4288-9b6d-accddd195317.xml">
                <common:shortDescription xml:lang="de">Erneuerbare Primärenergie als Energieträger (PERE)</common:shortDescription>
            </referenceToFlowDataSet>
            <functionType>General reminder flow</functionType>
            <exchangeDirection>Input</exchangeDirection>
            <common:other>
                <epd:amount epd:module="A1-A3">1.20327358543744</epd:amount>
                <epd:referenceToUnitGroupDataSet type="unit group data set" refObjectId="93a60a57-a3c8-11da-a746-0800200c9a66"
                    uri="../unitgroups/93a60a57-a3c8-11da-a746-0800200c9a66.xml">
                    <common:shortDescription xml:lang="de">MJ</common:shortDescription>
                </epd:referenceToUnitGroupDataSet>
            </common:other>
        </exchange>
        <exchange dataSetInternalID="3">
            <referenceToFlowDataSet type="flow data set" refObjectId="fb3ec0de-548d-4508-aea5-00b73bf6f702" uri="../flows/fb3ec0de-548d-4508-aea5-00b73bf6f702.xml">
                <common:shortDescription xml:lang="de">Erneuerbare Primärenergie zur stofflichen Nutzung (PERM)</common:shortDescription>
            </referenceToFlowDataSet>
            <functionType>General reminder flow</functionType>
            <exchangeDirection>Input</exchangeDirection>
            <common:other>
                <epd:amount epd:module="A1-A3">0</epd:amount>
                <epd:referenceToUnitGroupDataSet type="unit group data set" refObjectId="93a60a57-a3c8-11da-a746-0800200c9a66"
                    uri="../unitgroups/93a60a57-a3c8-11da-a746-0800200c9a66.xml">
                    <common:shortDescription xml:lang="de">MJ</common:shortDescription>
                </epd:referenceToUnitGroupDataSet>
            </common:other>
        </exchange>
        <exchange dataSetInternalID="4">
            <referenceToFlowDataSet type="flow data set" refObjectId="53f97275-fa8a-4cdd-9024-65936002acd0" uri="../flows/53f97275-fa8a-4cdd-9024-65936002acd0.xml">
                <common:shortDescription xml:lang="de">Total erneuerbare Primärenergie (PERT)</common:shortDescription>
            </referenceToFlowDataSet>
            <functionType>General reminder flow</functionType>
            <exchangeDirection>Input</exchangeDirection>
            <common:other>
                <epd:amount epd:module="A1-A3">1.20327358543744</epd:amount>
                <epd:referenceToUnitGroupDataSet type="unit group data set" refObjectId="93a60a57-a3c8-11da-a746-0800200c9a66"
                    uri="../unitgroups/93a60a57-a3c8-11da-a746-0800200c9a66.xml">
                    <common:shortDescription xml:lang="de">MJ</common:shortDescription>
                </epd:referenceToUnitGroupDataSet>
            </common:other>
        </exchange>
        <exchange dataSetInternalID="5">
            <referenceToFlowDataSet type="flow data set" refObjectId="ac857178-2b45-46ec-892a-a9a4332f0372" uri="../flows/ac857178-2b45-46ec-892a-a9a4332f0372.xml">
                <common:shortDescription xml:lang="de">Nicht-erneuerbare Primärenergie als Energieträger (PENRE)</common:shortDescription>
            </referenceToFlowDataSet>
            <functionType>General reminder flow</functionType>
            <exchangeDirection>Input</exchangeDirection>
            <common:other>
                <epd:amount epd:module="A1-A3">64.4551568428437</epd:amount>
                <epd:referenceToUnitGroupDataSet type="unit group data set" refObjectId="93a60a57-a3c8-11da-a746-0800200c9a66"
                    uri="../unitgroups/93a60a57-a3c8-11da-a746-0800200c9a66.xml">
                    <common:shortDescription xml:lang="de">MJ</common:shortDescription>
                </epd:referenceToUnitGroupDataSet>
            </common:other>
        </exchange>
        <exchange dataSetInternalID="6">
            <referenceToFlowDataSet type="flow data set" refObjectId="1421caa0-679d-4bf4-b282-0eb850ccae27" uri="../flows/1421caa0-679d-4bf4-b282-0eb850ccae27.xml">
                <common:shortDescription xml:lang="de">Nicht-erneuerbare Primärenergie zur stofflichen Nutzung (PENRM)</common:shortDescription>
            </referenceToFlowDataSet>
            <functionType>General reminder flow</functionType>
            <exchangeDirection>Input</exchangeDirection>
            <common:other>
                <epd:amount epd:module="A1-A3">0</epd:amount>
                <epd:referenceToUnitGroupDataSet type="unit group data set" refObjectId="93a60a57-a3c8-11da-a746-0800200c9a66"
                    uri="../unitgroups/93a60a57-a3c8-11da-a746-0800200c9a66.xml">
                    <common:shortDescription xml:lang="de">MJ</common:shortDescription>
                </epd:referenceToUnitGroupDataSet>
            </common:other>
        </exchange>
        <exchange dataSetInternalID="7">
            <referenceToFlowDataSet type="flow data set" refObjectId="06159210-646b-4c8d-8583-da9b3b95a6c1" uri="../flows/06159210-646b-4c8d-8583-da9b3b95a6c1.xml">
                <common:shortDescription xml:lang="de">Total nicht erneuerbare Primärenergie (PENRT)</common:shortDescription>
            </referenceToFlowDataSet>
            <functionType>General reminder flow</functionType>
            <exchangeDirection>Input</exchangeDirection>
            <common:other>
                <epd:amount epd:module="A1-A3">64.4551568428437</epd:amount>
                <epd:referenceToUnitGroupDataSet type="unit group data set" refObjectId="93a60a57-a3c8-11da-a746-0800200c9a66"
                    uri="../unitgroups/93a60a57-a3c8-11da-a746-0800200c9a66.xml">
                    <common:shortDescription xml:lang="de">MJ</common:shortDescription>
                </epd:referenceToUnitGroupDataSet>
            </common:other>
        </exchange>
        <exchange dataSetInternalID="8">
            <referenceToFlowDataSet type="flow data set" refObjectId="c6a1f35f-2d09-4f54-8dfb-97e502e1ce92" uri="../flows/c6a1f35f-2d09-4f54-8dfb-97e502e1ce92.xml">
                <common:shortDescription xml:lang="de">Einsatz von Sekundärstoffen (SM)</common:shortDescription>
            </referenceToFlowDataSet>
            <functionType>General reminder flow</functionType>
            <exchangeDirection>Input</exchangeDirection>
            <common:other>
                <epd:amount epd:module="A1-A3">0.159441929112095</epd:amount>
                <epd:referenceToUnitGroupDataSet type="unit group data set" refObjectId="ad38d542-3fe9-439d-9b95-2f5f7752acaf"
                    uri="../unitgroups/ad38d542-3fe9-439d-9b95-2f5f7752acaf.xml">
                    <common:shortDescription xml:lang="de">kg</common:shortDescription>
                </epd:referenceToUnitGroupDataSet>
            </common:other>
        </exchange>
        <exchange dataSetInternalID="9">
            <referenceToFlowDataSet type="flow data set" refObjectId="64333088-a55f-4aa2-9a31-c10b07816787" uri="../flows/64333088-a55f-4aa2-9a31-c10b07816787.xml">
                <common:shortDescription xml:lang="de">Erneuerbare Sekundärbrennstoffe (RSF)</common:shortDescription>
            </referenceToFlowDataSet>
            <functionType>General reminder flow</functionType>
            <exchangeDirection>Input</exchangeDirection>
            <common:other>
                <epd:amount epd:module="A1-A3">-0.0324370336292267</epd:amount>
                <epd:referenceToUnitGroupDataSet type="unit group data set" refObjectId="93a60a57-a3c8-11da-a746-0800200c9a66"
                    uri="../unitgroups/93a60a57-a3c8-11da-a746-0800200c9a66.xml">
                    <common:shortDescription xml:lang="de">MJ</common:shortDescription>
                </epd:referenceToUnitGroupDataSet>
            </common:other>
        </exchange>
        <exchange dataSetInternalID="10">
            <referenceToFlowDataSet type="flow data set" refObjectId="89def144-d39a-4287-b86f-efde453ddcb2" uri="../flows/89def144-d39a-4287-b86f-efde453ddcb2.xml">
                <common:shortDescription xml:lang="de">Nicht erneuerbare Sekundärbrennstoffe (NRSF)</common:shortDescription>
            </referenceToFlowDataSet>
            <functionType>General reminder flow</functionType>
            <exchangeDirection>Input</exchangeDirection>
            <common:other>
                <epd:amount epd:module="A1-A3">-0.341598927759908</epd:amount>
                <epd:referenceToUnitGroupDataSet type="unit group data set" refObjectId="93a60a57-a3c8-11da-a746-0800200c9a66"
                    uri="../unitgroups/93a60a57-a3c8-11da-a746-0800200c9a66.xml">
                    <common:shortDescription xml:lang="de">MJ</common:shortDescription>
                </epd:referenceToUnitGroupDataSet>
            </common:other>
        </exchange>
        <exchange dataSetInternalID="11">
            <referenceToFlowDataSet type="flow data set" refObjectId="3cf952c8-f3a4-461d-8c96-96456ca62246" uri="../flows/3cf952c8-f3a4-461d-8c96-96456ca62246.xml">
                <common:shortDescription xml:lang="de">Einsatz von Süßwasserressourcen (FW)</common:shortDescription>
            </referenceToFlowDataSet>
            <functionType>General reminder flow</functionType>
            <exchangeDirection>Input</exchangeDirection>
            <common:other>
                <epd:amount epd:module="A1-A3">0.667261715023997</epd:amount>
                <epd:referenceToUnitGroupDataSet type="unit group data set" refObjectId="cd950537-0a98-4044-9ba7-9f9a68d0a504"
                    uri="../unitgroups/cd950537-0a98-4044-9ba7-9f9a68d0a504.xml">
                    <common:shortDescription xml:lang="de">m3</common:shortDescription>
                </epd:referenceToUnitGroupDataSet>
            </common:other>
        </exchange>
        <exchange dataSetInternalID="12">
            <referenceToFlowDataSet type="flow data set" refObjectId="430f9e0f-59b2-46a0-8e0d-55e0e84948fc" uri="../flows/430f9e0f-59b2-46a0-8e0d-55e0e84948fc.xml">
                <common:shortDescription xml:lang="de">Gefährlicher Abfall zur Deponie (HWD)</common:shortDescription>
            </referenceToFlowDataSet>
            <functionType>General reminder flow</functionType>
            <exchangeDirection>Output</exchangeDirection>
            <common:other>
                <epd:amount epd:module="A1-A3">1.54567734447475E-6</epd:amount>
                <epd:referenceToUnitGroupDataSet type="unit group data set" refObjectId="ad38d542-3fe9-439d-9b95-2f5f7752acaf"
                    uri="../unitgroups/ad38d542-3fe9-439d-9b95-2f5f7752acaf.xml">
                    <common:shortDescription xml:lang="de">kg</common:shortDescription>
                </epd:referenceToUnitGroupDataSet>
            </common:other>
        </exchange>
        <exchange dataSetInternalID="13">
            <referenceToFlowDataSet type="flow data set" refObjectId="b29ef66b-e286-4afa-949f-62f1a7b4d7fa" uri="../flows/b29ef66b-e286-4afa-949f-62f1a7b4d7fa.xml">
                <common:shortDescription xml:lang="de">Entsorgter nicht gefährlicher Abfall (NHWD)</common:shortDescription>
            </referenceToFlowDataSet>
            <functionType>General reminder flow</functionType>
            <exchangeDirection>Output</exchangeDirection>
            <common:other>
                <epd:amount epd:module="A1-A3">16.8474447635736</epd:amount>
                <epd:referenceToUnitGroupDataSet type="unit group data set" refObjectId="ad38d542-3fe9-439d-9b95-2f5f7752acaf"
                    uri="../unitgroups/ad38d542-3fe9-439d-9b95-2f5f7752acaf.xml">
                    <common:shortDescription xml:lang="de">kg</common:shortDescription>
                </epd:referenceToUnitGroupDataSet>
            </common:other>
        </exchange>
        <exchange dataSetInternalID="14">
            <referenceToFlowDataSet type="flow data set" refObjectId="3449546e-52ad-4b39-b809-9fb77cea8ff6" uri="../flows/3449546e-52ad-4b39-b809-9fb77cea8ff6.xml">
                <common:shortDescription xml:lang="de">Entsorgter radioaktiver Abfall (RWD)</common:shortDescription>
            </referenceToFlowDataSet>
            <functionType>General reminder flow</functionType>
            <exchangeDirection>Output</exchangeDirection>
            <common:other>
                <epd:amount epd:module="A1-A3">0.000209590007161364</epd:amount>
                <epd:referenceToUnitGroupDataSet type="unit group data set" refObjectId="ad38d542-3fe9-439d-9b95-2f5f7752acaf"
                    uri="../unitgroups/ad38d542-3fe9-439d-9b95-2f5f7752acaf.xml">
                    <common:shortDescription xml:lang="de">kg</common:shortDescription>
                </epd:referenceToUnitGroupDataSet>
            </common:other>
        </exchange>
        <exchange dataSetInternalID="15">
            <referenceToFlowDataSet type="flow data set" refObjectId="a2b32f97-3fc7-4af2-b209-525bc6426f33" uri="../flows/a2b32f97-3fc7-4af2-b209-525bc6426f33.xml">
                <common:shortDescription xml:lang="de">Komponenten für die Wiederverwendung (CRU)</common:shortDescription>
            </referenceToFlowDataSet>
            <functionType>General reminder flow</functionType>
            <exchangeDirection>Output</exchangeDirection>
            <common:other>
                <epd:amount epd:module="A1-A3">0</epd:amount>
                <epd:referenceToUnitGroupDataSet type="unit group data set" refObjectId="ad38d542-3fe9-439d-9b95-2f5f7752acaf"
                    uri="../unitgroups/ad38d542-3fe9-439d-9b95-2f5f7752acaf.xml">
                    <common:shortDescription xml:lang="de">kg</common:shortDescription>
                </epd:referenceToUnitGroupDataSet>
            </common:other>
        </exchange>
        <exchange dataSetInternalID="16">
            <referenceToFlowDataSet type="flow data set" refObjectId="d7fe48a5-4103-49c8-9aae-b0b5dfdbd6ae" uri="../flows/d7fe48a5-4103-49c8-9aae-b0b5dfdbd6ae.xml">
                <common:shortDescription xml:lang="de">Stoffe zum Recycling (MFR)</common:shortDescription>
            </referenceToFlowDataSet>
            <functionType>General reminder flow</functionType>
            <exchangeDirection>Output</exchangeDirection>
            <common:other>
                <epd:amount epd:module="A1-A3">0</epd:amount>
                <epd:referenceToUnitGroupDataSet type="unit group data set" refObjectId="ad38d542-3fe9-439d-9b95-2f5f7752acaf"
                    uri="../unitgroups/ad38d542-3fe9-439d-9b95-2f5f7752acaf.xml">
                    <common:shortDescription xml:lang="de">kg</common:shortDescription>
                </epd:referenceToUnitGroupDataSet>
            </common:other>
        </exchange>
        <exchange dataSetInternalID="17">
            <referenceToFlowDataSet type="flow data set" refObjectId="59a9181c-3aaf-46ee-8b13-2b3723b6e447" uri="../flows/59a9181c-3aaf-46ee-8b13-2b3723b6e447.xml">
                <common:shortDescription xml:lang="de">Stoffe für die Energierückgewinnung (MER)</common:shortDescription>
            </referenceToFlowDataSet>
            <functionType>General reminder flow</functionType>
            <exchangeDirection>Output</exchangeDirection>
            <common:other>
                <epd:amount epd:module="A1-A3">0</epd:amount>
                <epd:referenceToUnitGroupDataSet type="unit group data set" refObjectId="ad38d542-3fe9-439d-9b95-2f5f7752acaf"
                    uri="../unitgroups/ad38d542-3fe9-439d-9b95-2f5f7752acaf.xml">
                    <common:shortDescription xml:lang="de">kg</common:shortDescription>
                </epd:referenceToUnitGroupDataSet>
            </common:other>
        </exchange>
        <exchange dataSetInternalID="18">
            <referenceToFlowDataSet type="flow data set" refObjectId="4da0c987-2b76-40d6-9e9e-82a017aaaf29" uri="../flows/4da0c987-2b76-40d6-9e9e-82a017aaaf29.xml">
                <common:shortDescription xml:lang="de">Exportierte elektrische Energie (EEE)</common:shortDescription>
            </referenceToFlowDataSet>
            <functionType>General reminder flow</functionType>
            <exchangeDirection>Output</exchangeDirection>
            <common:other>
                <epd:amount epd:module="A1-A3">0</epd:amount>
                <epd:referenceToUnitGroupDataSet type="unit group data set" refObjectId="93a60a57-a3c8-11da-a746-0800200c9a66"
                    uri="../unitgroups/93a60a57-a3c8-11da-a746-0800200c9a66.xml">
                    <common:shortDescription xml:lang="de">MJ</common:shortDescription>
                </epd:referenceToUnitGroupDataSet>
            </common:other>
        </exchange>
        <exchange dataSetInternalID="19">
            <referenceToFlowDataSet type="flow data set" refObjectId="98daf38a-7a79-46d3-9a37-2b7bd0955810" uri="../flows/98daf38a-7a79-46d3-9a37-2b7bd0955810.xml">
                <common:shortDescription xml:lang="de">Exportierte thermische Energie (EET)</common:shortDescription>
            </referenceToFlowDataSet>
            <functionType>General reminder flow</functionType>
            <exchangeDirection>Output</exchangeDirection>
            <common:other>
                <epd:amount epd:module="A1-A3">0</epd:amount>
                <epd:referenceToUnitGroupDataSet type="unit group data set" refObjectId="93a60a57-a3c8-11da-a746-0800200c9a66"
                    uri="../unitgroups/93a60a57-a3c8-11da-a746-0800200c9a66.xml">
                    <common:shortDescription xml:lang="de">MJ</common:shortDescription>
                </epd:referenceToUnitGroupDataSet>
            </common:other>
        </exchange>
    </exchanges>
    <LCIAResults>
        <LCIAResult>
            <referenceToLCIAMethodDataSet type="LCIA method data set" refObjectId="77e416eb-a363-4258-a04e-171d843a6460"
                uri="../lciamethods/77e416eb-a363-4258-a04e-171d843a6460.xml">
                <common:shortDescription xml:lang="de">Globales Erwärmungspotenzial (GWP)</common:shortDescription>
            </referenceToLCIAMethodDataSet>
            <common:other>
                <epd:amount epd:module="A1-A3">4.3636825804849</epd:amount>
                <epd:referenceToUnitGroupDataSet type="unit group data set" refObjectId="1ebf3012-d0db-4de2-aefd-ef30cedb0be1"
                    uri="../unitgroups/1ebf3012-d0db-4de2-aefd-ef30cedb0be1.xml">
                    <common:shortDescription xml:lang="de">kg CO2-Äqv.</common:shortDescription>
                </epd:referenceToUnitGroupDataSet>
            </common:other>
        </LCIAResult>
        <LCIAResult>
            <referenceToLCIAMethodDataSet type="LCIA method data set" refObjectId="06dcd26f-025f-401a-a7c1-5e457eb54637"
                uri="../lciamethods/06dcd26f-025f-401a-a7c1-5e457eb54637.xml">
                <common:shortDescription xml:lang="de">Abbau Potential der stratosphärischen Ozonschicht (ODP)</common:shortDescription>
            </referenceToLCIAMethodDataSet>
            <common:other>
                <epd:amount epd:module="A1-A3">-3.21502195272788E-9</epd:amount>
                <epd:referenceToUnitGroupDataSet type="unit group data set" refObjectId="d9e957c9-7309-4474-bf3a-7777df6c4e5b"
                    uri="../unitgroups/d9e957c9-7309-4474-bf3a-7777df6c4e5b.xml">
                    <common:shortDescription xml:lang="de">kg CFC 11-Äquiv.</common:shortDescription>
                </epd:referenceToUnitGroupDataSet>
            </common:other>
        </LCIAResult>
        <LCIAResult>
            <referenceToLCIAMethodDataSet type="LCIA method data set" refObjectId="b4274add-93b7-4905-a5e4-2e878c4e4216"
                uri="../lciamethods/b4274add-93b7-4905-a5e4-2e878c4e4216.xml">
                <common:shortDescription xml:lang="de">Versauerungspotenzial von Boden und Wasser (AP)</common:shortDescription>
            </referenceToLCIAMethodDataSet>
            <common:other>
                <epd:amount epd:module="A1-A3">0.0132001656821343</epd:amount>
                <epd:referenceToUnitGroupDataSet type="unit group data set" refObjectId="bc50c624-a9bc-45b1-a9b0-e6b10d00476f"
                    uri="../unitgroups/bc50c624-a9bc-45b1-a9b0-e6b10d00476f.xml">
                    <common:shortDescription xml:lang="de">kg SO2-Äqv.</common:shortDescription>
                </epd:referenceToUnitGroupDataSet>
            </common:other>
        </LCIAResult>
        <LCIAResult>
            <referenceToLCIAMethodDataSet type="LCIA method data set" refObjectId="f58827d0-b407-4ec6-be75-8b69efb98a0f"
                uri="../lciamethods/f58827d0-b407-4ec6-be75-8b69efb98a0f.xml">
                <common:shortDescription xml:lang="de">Eutrophierungspotenzial (EP)</common:shortDescription>
            </referenceToLCIAMethodDataSet>
            <common:other>
                <epd:amount epd:module="A1-A3">0.00115127634157768</epd:amount>
                <epd:referenceToUnitGroupDataSet type="unit group data set" refObjectId="67b5401d-873c-485f-bcf3-6ae83b918822"
                    uri="../unitgroups/67b5401d-873c-485f-bcf3-6ae83b918822.xml">
                    <common:shortDescription xml:lang="de">kg Phosphat-Äqv.</common:shortDescription>
                </epd:referenceToUnitGroupDataSet>
            </common:other>
        </LCIAResult>
        <LCIAResult>
            <referenceToLCIAMethodDataSet type="LCIA method data set" refObjectId="1e84a202-dae6-42aa-9e9d-71ea48b8be00"
                uri="../lciamethods/1e84a202-dae6-42aa-9e9d-71ea48b8be00.xml">
                <common:shortDescription xml:lang="de">Bildungspotential für troposphärisches Ozon (POCP)</common:shortDescription>
            </referenceToLCIAMethodDataSet>
            <common:other>
                <epd:amount epd:module="A1-A3">0.0024350983065085</epd:amount>
                <epd:referenceToUnitGroupDataSet type="unit group data set" refObjectId="01c26c17-9a76-406e-8295-f17b55fd909e"
                    uri="../unitgroups/01c26c17-9a76-406e-8295-f17b55fd909e.xml">
                    <common:shortDescription xml:lang="de">kg Ethen-Äqv.</common:shortDescription>
                </epd:referenceToUnitGroupDataSet>
            </common:other>
        </LCIAResult>
        <LCIAResult>
            <referenceToLCIAMethodDataSet type="LCIA method data set" refObjectId="f7c73bb9-ab1a-4249-9c6d-379a0de6f67e"
                uri="../lciamethods/f7c73bb9-ab1a-4249-9c6d-379a0de6f67e.xml">
                <common:shortDescription xml:lang="de">Potenzial für den abiotischen Abbau nicht fossiler Ressourcen (ADPE)</common:shortDescription>
            </referenceToLCIAMethodDataSet>
            <common:other>
                <epd:amount epd:module="A1-A3">8.94182195185883E-7</epd:amount>
                <epd:referenceToUnitGroupDataSet type="unit group data set" refObjectId="54ccd2d9-a32a-4fc2-923d-f2c8c93e89d4"
                    uri="../unitgroups/54ccd2d9-a32a-4fc2-923d-f2c8c93e89d4.xml">
                    <common:shortDescription xml:lang="de">kg Sb-Äqv.</common:shortDescription>
                </epd:referenceToUnitGroupDataSet>
            </common:other>
        </LCIAResult>
        <LCIAResult>
            <referenceToLCIAMethodDataSet type="LCIA method data set" refObjectId="804ebcdf-309d-4098-8ed8-fdaf2f389981"
                uri="../lciamethods/804ebcdf-309d-4098-8ed8-fdaf2f389981.xml">
                <common:shortDescription xml:lang="de">Potenzial für den abiotischen Abbau fossiler Brennstoffe (ADPF)</common:shortDescription>
            </referenceToLCIAMethodDataSet>
            <common:other>
                <epd:amount epd:module="A1-A3">60.5196525779579</epd:amount>
                <epd:referenceToUnitGroupDataSet type="unit group data set" refObjectId="93a60a57-a3c8-11da-a746-0800200c9a66"
                    uri="../unitgroups/93a60a57-a3c8-11da-a746-0800200c9a66.xml">
                    <common:shortDescription xml:lang="de">MJ</common:shortDescription>
                </epd:referenceToUnitGroupDataSet>
            </common:other>
        </LCIAResult>
    </LCIAResults>
</processDataSet>
